draw_no,date,n1,n2,n3,n4,n5,n6,n7,n8,numbers,first_winners,first_prize_yen
1,2017-04-05,1,10,13,19,23,28,35,37,01 10 13 19 23 28 35 37,2,8578800
2,2017-04-12,1,6,15,18,21,30,35,38,01 06 15 18 21 30 35 38,5,4960600
3,2017-04-19,4,6,12,17,24,28,31,40,04 06 12 17 24 28 31 40,6,5027600
4,2017-04-26,2,7,13,19,21,30,33,38,02 07 13 19 21 30 33 38,4,7501600
5,2017-05-03,5,8,13,19,24,29,32,36,05 08 13 19 24 29 32 36,2,14915400
6,2017-05-10,1,9,12,19,21,26,31,39,01 09 12 19 21 26 31 39,5,5711300
7,2017-05-17,4,9,13,18,21,27,31,37,04 09 13 18 21 27 31 37,3,9393800
8,2017-05-24,2,10,15,20,21,28,31,39,02 10 15 20 21 28 31 39,3,8530400
9,2017-05-31,2,8,13,19,21,27,35,38,02 08 13 19 21 27 35 38,4,6351700
10,2017-06-07,2,6,15,16,25,29,35,36,02 06 15 16 25 29 35 36,1,26105600
11,2017-06-14,3,9,14,19,22,26,34,37,03 09 14 19 22 26 34 37,4,6252400
12,2017-06-21,1,10,11,17,24,30,35,36,01 10 11 17 24 30 35 36,3,9004200
13,2017-06-28,4,10,13,16,21,26,34,39,04 10 13 16 21 26 34 39,5,5136700
14,2017-07-05,1,10,13,19,21,28,34,39,01 10 13 19 21 28 34 39,8,2986100
15,2017-07-12,3,10,12,17,22,27,32,39,03 10 12 17 22 27 32 39,5,5244300
16,2017-07-19,3,9,14,20,21,29,31,36,03 09 14 20 21 29 31 36,2,11924300
17,2017-07-26,1,9,12,20,23,29,35,37,01 09 12 20 23 29 35 37,6,3779100
18,2017-08-02,5,9,12,20,24,27,35,38,05 09 12 20 24 27 35 38,3,7518000
19,2017-08-09,5,9,12,16,25,29,31,38,05 09 12 16 25 29 31 38,2,11112100
20,2017-08-16,4,9,15,19,22,28,34,39,04 09 15 19 22 28 34 39,6,3533900
21,2017-08-23,2,8,15,20,25,29,35,37,02 08 15 20 25 29 35 37,0,0
22,2017-08-30,1,9,14,16,21,29,34,40,01 09 14 16 21 29 34 40,1,24123400
23,2017-09-06,1,7,11,20,24,29,31,37,01 07 11 20 24 29 31 37,2,11766200
24,2017-09-13,2,6,15,18,21,28,32,37,02 06 15 18 21 28 32 37,3,8155200
25,2017-09-20,3,7,11,16,24,28,32,37,03 07 11 16 24 28 32 37,3,7565700
26,2017-09-27,3,9,13,20,22,29,35,38,03 09 13 20 22 29 35 38,2,11860200
27,2017-10-04,5,9,15,19,24,26,32,37,05 09 15 19 24 26 32 37,2,11968900
28,2017-10-11,1,7,15,17,21,29,34,40,01 07 15 17 21 29 34 40,2,11038900
29,2017-10-18,1,9,12,19,24,29,31,36,01 09 12 19 24 29 31 36,1,22274400
30,2017-10-25,3,10,11,16,21,26,35,38,03 10 11 16 21 26 35 38,2,11037100
31,2017-11-01,5,10,14,20,24,30,31,39,05 10 14 20 24 30 31 39,0,0
32,2017-11-08,4,6,15,18,23,30,32,36,04 06 15 18 23 30 32 36,2,10573900
33,2017-11-15,4,8,12,18,25,28,35,40,04 08 12 18 25 28 35 40,2,11957800
34,2017-11-22,5,7,15,17,21,28,32,38,05 07 15 17 21 28 32 38,3,6859800
35,2017-11-29,2,9,13,20,24,30,35,39,02 09 13 20 24 30 35 39,3,6703500
36,2017-12-06,5,6,13,16,22,26,35,39,05 06 13 16 22 26 35 39,2,10418900
37,2017-12-13,2,6,14,18,25,27,34,36,02 06 14 18 25 27 34 36,3,7148900
38,2017-12-20,2,8,13,20,23,30,31,38,02 08 13 20 23 30 31 38,5,4339700
39,2017-12-27,5,10,13,19,21,30,32,36,05 10 13 19 21 30 32 36,2,10480000
40,2018-01-10,3,6,15,19,22,29,31,36,03 06 15 19 22 29 31 36,6,3870200
41,2018-01-17,3,7,11,19,21,30,31,36,03 07 11 19 21 30 31 36,6,3230400
42,2018-01-24,4,9,13,18,21,28,35,37,04 09 13 18 21 28 35 37,6,3463400
43,2018-01-31,1,6,15,16,24,27,33,39,01 06 15 16 24 27 33 39,3,7414500
44,2018-02-07,3,8,15,16,21,30,33,38,03 08 15 16 21 30 33 38,1,21723400
45,2018-02-14,3,6,14,18,22,30,31,39,03 06 14 18 22 30 31 39,0,0
46,2018-02-21,5,7,11,18,24,26,31,40,05 07 11 18 24 26 31 40,4,5561600
47,2018-02-28,1,7,12,20,24,26,31,39,01 07 12 20 24 26 31 39,1,20560000
48,2018-03-07,3,10,11,19,21,27,32,36,03 10 11 19 21 27 32 36,2,9475500
49,2018-03-14,2,7,11,18,24,30,32,38,02 07 11 18 24 30 32 38,1,20424400
50,2018-03-21,2,6,15,19,23,27,33,40,02 06 15 19 23 27 33 40,5,3893000
51,2018-03-28,1,7,11,17,22,30,35,40,01 07 11 17 22 30 35 40,4,5407400
52,2018-04-04,5,9,11,20,23,27,35,40,05 09 11 20 23 27 35 40,1,19832400
53,2018-04-11,3,9,14,17,21,26,32,38,03 09 14 17 21 26 32 38,3,6074000
54,2018-04-18,2,8,13,18,22,30,32,36,02 08 13 18 22 30 32 36,2,10576900
55,2018-04-25,5,9,13,18,23,27,31,40,05 09 13 18 23 27 31 40,4,4877900
56,2018-05-02,2,8,15,16,24,28,35,37,02 08 15 16 24 28 35 37,4,4889600
57,2018-05-09,3,9,11,20,24,26,31,39,03 09 11 20 24 26 31 39,8,2179200
58,2018-05-16,2,7,12,18,21,27,34,38,02 07 12 18 21 27 34 38,0,0
59,2018-05-23,1,9,15,19,23,30,33,38,01 09 15 19 23 30 33 38,2,8849300
60,2018-05-30,2,6,15,19,25,29,31,40,02 06 15 19 25 29 31 40,2,9976500
61,2018-06-06,2,10,13,16,21,28,35,40,02 10 13 16 21 28 35 40,2,9474100
62,2018-06-13,2,6,13,20,22,30,31,39,02 06 13 20 22 30 31 39,3,6132900
63,2018-06-20,5,10,11,20,24,29,31,36,05 10 11 20 24 29 31 36,4,5002400
64,2018-06-27,5,6,11,16,21,26,34,37,05 06 11 16 21 26 34 37,2,9890400
65,2018-07-04,1,10,15,17,24,30,35,37,01 10 15 17 24 30 35 37,3,6146800
66,2018-07-11,4,10,12,19,23,26,33,39,04 10 12 19 23 26 33 39,2,9421800
67,2018-07-18,2,6,12,16,24,30,31,40,02 06 12 16 24 30 31 40,1,17416600
68,2018-07-25,2,8,11,16,22,29,32,36,02 08 11 16 22 29 32 36,3,5980500
69,2018-08-01,1,6,13,18,25,27,32,40,01 06 13 18 25 27 32 40,3,5694000
70,2018-08-08,5,6,12,17,23,30,33,39,05 06 12 17 23 30 33 39,2,9002200
71,2018-08-15,4,6,13,19,23,27,35,39,04 06 13 19 23 27 35 39,2,8613100
72,2018-08-22,2,8,11,16,22,29,31,40,02 08 11 16 22 29 31 40,13,1464000
73,2018-08-29,5,9,12,16,23,28,35,37,05 09 12 16 23 28 35 37,1,17739000
74,2018-09-05,2,8,11,20,22,28,33,37,02 08 11 20 22 28 33 37,7,2505700
75,2018-09-12,5,6,12,17,22,29,34,40,05 06 12 17 22 29 34 40,2,9261700
76,2018-09-19,2,6,13,18,25,30,31,38,02 06 13 18 25 30 31 38,5,3466500
77,2018-09-26,2,10,15,16,24,27,34,40,02 10 15 16 24 27 34 40,4,4296800
78,2018-10-03,5,7,14,16,24,27,33,38,05 07 14 16 24 27 33 38,2,8788900
79,2018-10-10,3,7,12,19,25,26,32,36,03 07 12 19 25 26 32 36,2,8468900
80,2018-10-17,5,9,11,16,23,27,33,38,05 09 11 16 23 27 33 38,6,3015600
81,2018-10-24,5,8,15,19,25,27,33,40,05 08 15 19 25 27 33 40,2,8626600
82,2018-10-31,5,6,11,20,24,27,34,40,05 06 11 20 24 27 34 40,2,9119600
83,2018-11-07,4,8,15,19,24,30,34,36,04 08 15 19 24 30 34 36,1,18871300
84,2018-11-14,2,7,15,18,22,30,31,36,02 07 15 18 22 30 31 36,3,5704100
85,2018-11-21,3,7,11,17,24,26,35,40,03 07 11 17 24 26 35 40,3,5675000
86,2018-11-28,4,10,11,17,21,30,31,36,04 10 11 17 21 30 31 36,2,8731000
87,2018-12-05,3,8,11,19,24,30,35,36,03 08 11 19 24 30 35 36,3,6132100
88,2018-12-12,1,9,13,18,24,27,34,36,01 09 13 18 24 27 34 36,2,8502200
89,2018-12-19,3,6,13,16,24,28,35,38,03 06 13 16 24 28 35 38,3,5986100
90,2018-12-26,3,6,13,18,24,27,35,39,03 06 13 18 24 27 35 39,1,18443600
91,2019-01-09,2,8,15,19,24,27,34,39,02 08 15 19 24 27 34 39,7,2651700
92,2019-01-16,1,6,12,19,23,26,31,38,01 06 12 19 23 26 31 38,3,6302400
93,2019-01-23,1,8,14,18,22,26,35,40,01 08 14 18 22 26 35 40,2,9022500
94,2019-01-30,3,10,12,18,22,26,34,36,03 10 12 18 22 26 34 36,4,4423300
95,2019-02-06,2,7,12,18,23,30,31,37,02 07 12 18 23 30 31 37,1,16676200
96,2019-02-13,3,8,14,19,25,30,33,36,03 08 14 19 25 30 33 36,3,5713600
97,2019-02-20,3,10,14,17,24,26,34,36,03 10 14 17 24 26 34 36,3,6080600
98,2019-02-27,4,7,12,18,21,28,35,38,04 07 12 18 21 28 35 38,3,5942800
99,2019-03-06,4,10,11,17,22,28,35,37,04 10 11 17 22 28 35 37,3,6307500
100,2019-03-13,2,8,15,17,25,26,34,37,02 08 15 17 25 26 34 37,1,18150900
101,2019-03-20,3,10,15,17,25,29,35,37,03 10 15 17 25 29 35 37,3,8652700
102,2019-03-27,4,8,11,17,24,28,34,39,04 08 11 17 24 28 34 39,6,5044500
103,2019-04-03,5,6,14,16,24,29,35,39,05 06 14 16 24 29 35 39,1,26436700
104,2019-04-10,5,9,13,17,22,29,35,38,05 09 13 17 22 29 35 38,7,3632000
105,2019-04-17,1,10,12,16,22,29,33,36,01 10 12 16 22 29 33 36,7,3697100
106,2019-04-24,3,6,12,17,25,29,33,36,03 06 12 17 25 29 33 36,4,5663200
107,2019-05-01,1,9,12,19,23,28,34,36,01 09 12 19 23 28 34 36,3,7515800
108,2019-05-08,1,6,14,17,24,26,32,40,01 06 14 17 24 26 32 40,3,7730100
109,2019-05-15,1,10,15,20,22,27,33,39,01 10 15 20 22 27 33 39,2,11302400
110,2019-05-22,5,8,13,20,25,26,33,40,05 08 13 20 25 26 33 40,2,10955100
111,2019-05-29,2,9,12,20,22,28,34,39,02 09 12 20 22 28 34 39,1,23262600
112,2019-06-05,2,8,14,20,25,30,34,40,02 08 14 20 25 30 34 40,2,10931100
113,2019-06-12,4,8,15,20,21,26,34,36,04 08 15 20 21 26 34 36,7,3181700
114,2019-06-19,1,6,12,19,24,30,32,38,01 06 12 19 24 30 32 38,1,22593500
115,2019-06-26,5,8,15,17,21,30,31,37,05 08 15 17 21 30 31 37,3,7669400
116,2019-07-03,2,7,12,18,23,28,35,37,02 07 12 18 23 28 35 37,6,3386200
117,2019-07-10,5,10,13,17,25,30,34,37,05 10 13 17 25 30 34 37,3,7225000
118,2019-07-17,5,10,12,17,23,30,35,38,05 10 12 17 23 30 35 38,3,7108200
119,2019-07-24,2,6,15,19,25,30,35,37,02 06 15 19 25 30 35 37,7,2859800
120,2019-07-31,3,7,14,17,22,30,33,37,03 07 14 17 22 30 33 37,4,5092300
121,2019-08-07,3,6,14,17,23,26,31,40,03 06 14 17 23 26 31 40,4,4647000
122,2019-08-14,1,9,12,20,25,29,34,39,01 09 12 20 25 29 34 39,2,9416600
123,2019-08-21,2,8,12,20,24,30,33,36,02 08 12 20 24 30 33 36,4,4816600
124,2019-08-28,5,7,11,20,22,30,33,39,05 07 11 20 22 30 33 39,2,9938900
125,2019-09-04,4,10,13,17,22,26,32,37,04 10 13 17 22 26 32 37,0,0
126,2019-09-11,1,8,13,18,21,27,35,36,01 08 13 18 21 27 35 36,2,10344500
127,2019-09-18,3,8,14,17,23,26,31,40,03 08 14 17 23 26 31 40,5,3747200
128,2019-09-25,4,10,11,16,24,26,31,36,04 10 11 16 24 26 31 36,1,21257500
129,2019-10-02,1,6,15,16,24,29,34,40,01 06 15 16 24 29 34 40,2,10554800
130,2019-10-09,2,7,12,16,21,29,31,40,02 07 12 16 21 29 31 40,6,3023300
131,2019-10-16,4,6,11,16,21,30,31,37,04 06 11 16 21 30 31 37,2,9404800
132,2019-10-23,1,6,13,18,21,27,35,38,01 06 13 18 21 27 35 38,3,6452000
133,2019-10-30,2,9,12,17,22,29,32,39,02 09 12 17 22 29 32 39,11,1768700
134,2019-11-06,3,9,14,19,21,30,34,36,03 09 14 19 21 30 34 36,2,10195300
135,2019-11-13,5,6,13,16,22,27,32,36,05 06 13 16 22 27 32 36,0,0
136,2019-11-20,3,9,12,20,24,26,33,36,03 09 12 20 24 26 33 36,6,3250300
137,2019-11-27,5,8,11,19,21,30,35,36,05 08 11 19 21 30 35 36,5,3875900
138,2019-12-04,4,10,11,20,24,30,32,40,04 10 11 20 24 30 32 40,4,4695500
139,2019-12-11,5,9,13,19,25,29,32,40,05 09 13 19 25 29 32 40,3,6579200
140,2019-12-18,2,6,15,17,23,30,33,36,02 06 15 17 23 30 33 36,2,9890800
141,2019-12-25,3,8,14,18,24,29,33,40,03 08 14 18 24 29 33 40,5,4076300
142,2020-01-08,5,10,11,20,21,30,33,36,05 10 11 20 21 30 33 36,7,2866200
143,2020-01-15,2,8,14,17,23,28,33,36,02 08 14 17 23 28 33 36,0,0
144,2020-01-22,5,7,15,16,25,27,35,36,05 07 15 16 25 27 35 36,2,10302100
145,2020-01-29,4,9,14,20,24,27,35,39,04 09 14 20 24 27 35 39,2,9711400
146,2020-02-05,2,10,14,17,25,28,33,38,02 10 14 17 25 28 33 38,3,6685400
147,2020-02-12,5,10,13,17,23,30,31,36,05 10 13 17 23 30 31 36,5,3561800
148,2020-02-19,5,9,14,16,23,29,33,37,05 09 14 16 23 29 33 37,4,5197800
149,2020-02-26,1,6,13,17,23,30,34,36,01 06 13 17 23 30 34 36,2,9758700
150,2020-03-04,3,9,11,17,23,27,33,38,03 09 11 17 23 27 33 38,4,4222700
151,2020-03-11,4,10,15,17,24,29,34,37,04 10 15 17 24 29 34 37,1,18305900
152,2020-03-18,5,7,12,17,22,27,34,36,05 07 12 17 22 27 34 36,2,9691000
153,2020-03-25,5,6,15,20,23,28,35,38,05 06 15 20 23 28 35 38,2,9728800
154,2020-04-01,4,10,15,19,22,27,35,37,04 10 15 19 22 27 35 37,2,9155300
155,2020-04-08,3,8,15,18,24,30,35,38,03 08 15 18 24 30 35 38,4,4378700
156,2020-04-15,4,10,13,18,23,28,32,37,04 10 13 18 23 28 32 37,5,3285500
157,2020-04-22,5,9,14,20,23,28,32,37,05 09 14 20 23 28 32 37,0,0
158,2020-04-29,2,10,12,16,25,30,35,37,02 10 12 16 25 30 35 37,0,0
159,2020-05-06,5,6,12,18,25,28,32,36,05 06 12 18 25 28 32 36,1,7981600
160,2020-05-13,1,6,11,19,25,27,32,36,01 06 11 19 25 27 32 36,0,0
161,2020-05-20,2,10,11,18,24,26,35,39,02 10 11 18 24 26 35 39,3,4354800
162,2020-05-27,5,7,15,16,22,30,32,38,05 07 15 16 22 30 32 38,1,16999400
163,2020-06-03,5,6,14,20,25,28,35,37,05 06 14 20 25 28 35 37,4,4485500
164,2020-06-10,4,9,13,20,21,27,34,38,04 09 13 20 21 27 34 38,1,17823100
165,2020-06-17,5,6,12,19,25,26,35,36,05 06 12 19 25 26 35 36,5,3665300
166,2020-06-24,2,10,15,16,24,29,33,37,02 10 15 16 24 29 33 37,3,5915300
167,2020-07-01,2,6,12,16,21,27,34,37,02 06 12 16 21 27 34 37,1,18888800
168,2020-07-08,5,7,12,18,24,30,35,37,05 07 12 18 24 30 35 37,5,3448700
169,2020-07-15,3,10,11,19,23,29,31,40,03 10 11 19 23 29 31 40,3,6569000
170,2020-07-22,2,8,14,20,23,30,34,36,02 08 14 20 23 30 34 36,2,9745500
171,2020-07-29,4,6,12,20,23,27,34,39,04 06 12 20 23 27 34 39,3,6225700
172,2020-08-05,1,10,14,19,21,30,32,38,01 10 14 19 21 30 32 38,4,4737400
173,2020-08-12,1,6,14,16,22,30,33,38,01 06 14 16 22 30 33 38,3,5893700
174,2020-08-19,2,9,13,20,23,30,34,37,02 09 13 20 23 30 34 37,1,17333700
175,2020-08-26,1,6,12,17,22,26,35,36,01 06 12 17 22 26 35 36,2,8733700
176,2020-09-02,2,10,14,16,23,27,34,40,02 10 14 16 23 27 34 40,3,6335100
177,2020-09-09,3,6,14,18,25,28,35,39,03 06 14 18 25 28 35 39,3,5661200
178,2020-09-16,2,9,11,16,25,28,35,37,02 09 11 16 25 28 35 37,3,5782700
179,2020-09-23,1,7,12,16,21,29,33,38,01 07 12 16 21 29 33 38,3,5585700
180,2020-09-30,1,10,14,18,23,26,33,36,01 10 14 18 23 26 33 36,0,0
181,2020-10-07,2,6,13,16,21,29,35,36,02 06 13 16 21 29 35 36,1,16508600
182,2020-10-14,4,8,14,20,22,26,35,38,04 08 14 20 22 26 35 38,2,9342100
183,2020-10-21,3,9,11,19,23,30,35,36,03 09 11 19 23 30 35 36,3,5865400
184,2020-10-28,1,8,15,19,24,29,32,40,01 08 15 19 24 29 32 40,2,9121300
185,2020-11-04,4,9,12,19,25,30,34,39,04 09 12 19 25 30 34 39,1,18748400
186,2020-11-11,3,10,13,19,22,29,35,37,03 10 13 19 22 29 35 37,1,18267100
187,2020-11-18,5,7,12,17,24,27,32,40,05 07 12 17 24 27 32 40,3,6011200
188,2020-11-25,3,8,13,19,21,28,31,37,03 08 13 19 21 28 31 37,4,4124500
189,2020-12-02,5,8,15,20,21,27,32,40,05 08 15 20 21 27 32 40,3,5953500
190,2020-12-09,3,8,13,19,22,28,32,39,03 08 13 19 22 28 32 39,10,1791900
191,2020-12-16,5,9,11,18,22,26,35,37,05 09 11 18 22 26 35 37,1,18265400
192,2020-12-23,4,8,15,18,21,28,32,37,04 08 15 18 21 28 32 37,8,2389000
193,2020-12-30,5,6,13,20,25,27,31,37,05 06 13 20 25 27 31 37,2,9342500
194,2021-01-06,2,6,13,16,23,30,31,37,02 06 13 16 23 30 31 37,4,4666700
195,2021-01-13,4,8,15,16,25,29,33,36,04 08 15 16 25 29 33 36,2,9838700
196,2021-01-20,2,8,11,19,22,27,33,37,02 08 11 19 22 27 33 37,5,4245400
197,2021-01-27,4,7,12,17,25,30,32,38,04 07 12 17 25 30 32 38,4,5607900
198,2021-02-03,5,9,15,17,21,29,34,36,05 09 15 17 21 29 34 36,1,21973700
199,2021-02-10,3,7,12,18,25,29,31,38,03 07 12 18 25 29 31 38,5,4432900
200,2021-02-17,4,8,15,17,24,28,32,37,04 08 15 17 24 28 32 37,8,2717300
201,2021-02-24,1,10,11,19,24,30,33,36,01 10 11 19 24 30 33 36,2,10372100
202,2021-03-03,4,6,15,20,22,29,34,37,04 06 15 20 22 29 34 37,6,3639500
203,2021-03-10,4,7,14,19,25,26,34,38,04 07 14 19 25 26 34 38,3,7805000
204,2021-03-17,1,7,15,20,25,27,35,40,01 07 15 20 25 27 35 40,4,6009100
205,2021-03-24,2,10,14,17,25,28,34,36,02 10 14 17 25 28 34 36,5,4370400
206,2021-03-31,4,9,15,19,25,29,35,38,04 09 15 19 25 29 35 38,14,1780800
207,2021-04-07,2,7,13,20,23,30,32,39,02 07 13 20 23 30 32 39,2,10502200
208,2021-04-14,1,7,12,18,23,26,35,38,01 07 12 18 23 26 35 38,2,11005900
209,2021-04-21,1,7,12,18,25,26,31,36,01 07 12 18 25 26 31 36,1,22264700
210,2021-04-28,5,6,11,17,22,26,31,38,05 06 11 17 22 26 31 38,2,11500700
211,2021-05-05,5,8,12,16,21,29,33,36,05 08 12 16 21 29 33 36,7,2559100
212,2021-05-12,2,7,12,18,22,29,35,38,02 07 12 18 22 29 35 38,4,5318000
213,2021-05-19,2,6,15,18,23,29,33,40,02 06 15 18 23 29 33 40,3,7261600
214,2021-05-26,4,7,15,20,25,27,32,38,04 07 15 20 25 27 32 38,3,7759600
215,2021-06-02,4,10,14,18,21,26,31,39,04 10 14 18 21 26 31 39,4,5541100
216,2021-06-09,5,8,14,19,22,28,35,38,05 08 14 19 22 28 35 38,0,0
217,2021-06-16,3,8,14,17,23,28,32,37,03 08 14 17 23 28 32 37,7,3342400
218,2021-06-23,3,8,14,17,22,29,32,39,03 08 14 17 22 29 32 39,7,3268400
219,2021-06-30,1,10,11,18,21,26,34,38,01 10 11 18 21 26 34 38,0,0
220,2021-07-07,3,9,11,19,23,30,32,38,03 09 11 19 23 30 32 38,8,2874000
221,2021-07-14,5,6,14,17,24,29,31,40,05 06 14 17 24 29 31 40,1,20620400
222,2021-07-21,1,10,12,19,25,26,32,39,01 10 12 19 25 26 32 39,4,5573700
223,2021-07-28,5,8,11,16,22,28,35,36,05 08 11 16 22 28 35 36,3,6971800
224,2021-08-04,5,8,13,18,21,26,35,37,05 08 13 18 21 26 35 37,1,20184100
225,2021-08-11,1,9,11,18,22,29,32,39,01 09 11 18 22 29 32 39,3,6535900
226,2021-08-18,1,8,13,17,22,27,35,37,01 08 13 17 22 27 35 37,1,20642900
227,2021-08-25,3,8,12,16,22,28,31,36,03 08 12 16 22 28 31 36,4,5576300
228,2021-09-01,5,8,13,17,24,27,34,37,05 08 13 17 24 27 34 37,5,4385000
229,2021-09-08,5,6,12,16,22,27,35,37,05 06 12 16 22 27 35 37,6,3539400
230,2021-09-15,3,8,14,17,25,28,32,40,03 08 14 17 25 28 32 40,3,7447300
231,2021-09-22,1,8,15,20,22,28,34,39,01 08 15 20 22 28 34 39,1,22873500
232,2021-09-29,1,10,15,19,25,30,35,39,01 10 15 19 25 30 35 39,1,21810600
233,2021-10-06,2,10,13,16,23,30,32,40,02 10 13 16 23 30 32 40,2,11848700
234,2021-10-13,4,6,13,16,23,30,31,37,04 06 13 16 23 30 31 37,3,7294900
235,2021-10-20,1,7,14,18,21,29,35,40,01 07 14 18 21 29 35 40,2,10378800
236,2021-10-27,2,8,14,18,23,27,34,37,02 08 14 18 23 27 34 37,11,1955400
237,2021-11-03,2,8,12,16,21,29,35,39,02 08 12 16 21 29 35 39,3,6672400
238,2021-11-10,2,7,14,16,24,27,34,39,02 07 14 16 24 27 34 39,5,4157400
239,2021-11-17,3,8,11,18,21,27,33,37,03 08 11 18 21 27 33 37,4,5153000
240,2021-11-24,2,10,13,20,21,26,35,40,02 10 13 20 21 26 35 40,2,11181700
241,2021-12-01,4,10,12,20,24,29,35,38,04 10 12 20 24 29 35 38,1,21126700
242,2021-12-08,2,6,14,20,22,28,31,38,02 06 14 20 22 28 31 38,6,3405600
243,2021-12-15,3,6,14,18,23,28,33,37,03 06 14 18 23 28 33 37,6,3760000
244,2021-12-22,2,9,14,19,24,27,33,37,02 09 14 19 24 27 33 37,2,9966300
245,2021-12-29,5,7,14,18,22,29,35,36,05 07 14 18 22 29 35 36,3,7573100
246,2022-01-05,5,7,14,16,25,26,35,37,05 07 14 16 25 26 35 37,1,19474400
247,2022-01-12,3,8,14,20,23,30,34,39,03 08 14 20 23 30 34 39,7,3194700
248,2022-01-19,3,6,14,18,24,30,34,37,03 06 14 18 24 30 34 37,2,10733200
249,2022-01-26,5,9,12,19,25,28,35,39,05 09 12 19 25 28 35 39,6,3820500
250,2022-02-02,3,6,11,17,23,28,35,38,03 06 11 17 23 28 35 38,4,5232700
251,2022-02-09,4,7,13,18,25,30,33,36,04 07 13 18 25 30 33 36,7,3151600
252,2022-02-16,5,10,14,17,22,29,34,36,05 10 14 17 22 29 34 36,5,4532200
253,2022-02-23,5,9,11,19,23,30,33,36,05 09 11 19 23 30 33 36,2,10202500
254,2022-03-02,3,10,11,20,23,29,31,37,03 10 11 20 23 29 31 37,5,4264700
255,2022-03-09,2,8,15,19,23,28,33,39,02 08 15 19 23 28 33 39,3,7192800
256,2022-03-16,3,8,12,17,24,27,33,37,03 08 12 17 24 27 33 37,13,1553800
257,2022-03-23,5,6,12,19,23,27,33,40,05 06 12 19 23 27 33 40,6,3375600
258,2022-03-30,4,9,15,16,22,27,35,38,04 09 15 16 22 27 35 38,1,23381300
259,2022-04-06,4,10,11,16,25,27,31,37,04 10 11 16 25 27 31 37,3,7398000
260,2022-04-13,5,8,14,18,25,28,31,38,05 08 14 18 25 28 31 38,5,4325700
261,2022-04-20,1,7,12,18,24,29,35,37,01 07 12 18 24 29 35 37,3,7013100
262,2022-04-27,3,6,13,20,23,30,34,38,03 06 13 20 23 30 34 38,3,7232900
263,2022-05-04,5,8,12,17,24,29,34,36,05 08 12 17 24 29 34 36,11,1814500
264,2022-05-11,1,10,12,16,23,28,34,36,01 10 12 16 23 28 34 36,3,6932400
265,2022-05-18,1,10,14,20,24,26,33,39,01 10 14 20 24 26 33 39,3,6883800
266,2022-05-25,5,7,12,18,23,26,35,36,05 07 12 18 23 26 35 36,5,3687600
267,2022-06-01,5,10,14,18,21,27,33,36,05 10 14 18 21 27 33 36,2,10097400
268,2022-06-08,2,7,15,20,25,29,35,36,02 07 15 20 25 29 35 36,3,6470600
269,2022-06-15,2,7,13,17,25,27,34,37,02 07 13 17 25 27 34 37,2,10335200
270,2022-06-22,2,9,14,17,21,27,33,40,02 09 14 17 21 27 33 40,0,0
271,2022-06-29,2,9,11,19,21,27,33,37,02 09 11 19 21 27 33 37,5,3975300
272,2022-07-06,4,10,13,16,22,30,32,39,04 10 13 16 22 30 32 39,3,6990000
273,2022-07-13,1,6,13,20,22,30,32,39,01 06 13 20 22 30 32 39,1,19658200
274,2022-07-20,4,6,13,18,25,26,35,40,04 06 13 18 25 26 35 40,2,9690000
275,2022-07-27,1,8,11,19,24,30,32,37,01 08 11 19 24 30 32 37,4,4953800
276,2022-08-03,5,8,14,19,21,29,34,38,05 08 14 19 21 29 34 38,4,5126100
277,2022-08-10,4,10,13,18,22,29,31,37,04 10 13 18 22 29 31 37,1,18707300
278,2022-08-17,1,7,14,17,24,26,33,37,01 07 14 17 24 26 33 37,3,6666700
279,2022-08-24,3,8,11,18,23,26,31,40,03 08 11 18 23 26 31 40,0,0
280,2022-08-31,4,10,14,19,23,29,34,37,04 10 14 19 23 29 34 37,1,19938500
281,2022-09-07,1,7,11,20,21,27,31,40,01 07 11 20 21 27 31 40,4,4892500
282,2022-09-14,3,7,13,20,21,29,31,37,03 07 13 20 21 29 31 37,7,2833800
283,2022-09-21,5,8,11,18,25,28,33,38,05 08 11 18 25 28 33 38,9,2234300
284,2022-09-28,5,9,14,17,24,29,35,39,05 09 14 17 24 29 35 39,0,0
285,2022-10-05,4,6,15,20,25,30,34,40,04 06 15 20 25 30 34 40,2,10386200
286,2022-10-12,4,6,15,20,25,26,32,39,04 06 15 20 25 26 32 39,1,20244800
287,2022-10-19,3,9,13,16,24,29,35,38,03 09 13 16 24 29 35 38,7,2600800
288,2022-10-26,4,7,12,20,21,26,33,39,04 07 12 20 21 26 33 39,3,6285300
289,2022-11-02,3,8,13,19,24,30,32,39,03 08 13 19 24 30 32 39,6,3265700
290,2022-11-09,3,10,15,18,21,27,31,36,03 10 15 18 21 27 31 36,4,5184400
291,2022-11-16,4,7,14,19,24,30,33,36,04 07 14 19 24 30 33 36,4,5015900
292,2022-11-23,3,6,13,16,25,26,35,37,03 06 13 16 25 26 35 37,1,19105000
293,2022-11-30,4,7,14,16,22,28,31,36,04 07 14 16 22 28 31 36,1,20667200
294,2022-12-07,3,8,14,16,21,26,33,37,03 08 14 16 21 26 33 37,3,6224800
295,2022-12-14,2,8,14,19,25,27,33,38,02 08 14 19 25 27 33 38,4,4918000
296,2022-12-21,3,6,15,20,21,26,32,38,03 06 15 20 21 26 32 38,5,4177700
297,2022-12-28,3,10,11,17,22,28,34,39,03 10 11 17 22 28 34 39,1,20818300
298,2023-01-04,1,6,12,18,23,30,33,38,01 06 12 18 23 30 33 38,1,16177600
299,2023-01-11,3,9,12,17,23,27,35,36,03 09 12 17 23 27 35 36,3,6906900
300,2023-01-18,1,7,15,17,21,29,35,37,01 07 15 17 21 29 35 37,3,6726000
301,2023-01-25,5,6,12,16,25,29,32,40,05 06 12 16 25 29 32 40,0,0
302,2023-02-01,4,6,12,18,24,29,33,36,04 06 12 18 24 29 33 36,3,6702900
303,2023-02-08,5,7,11,17,23,26,31,40,05 07 11 17 23 26 31 40,1,20936600
304,2023-02-15,5,9,15,20,24,28,32,38,05 09 15 20 24 28 32 38,5,4003300
305,2023-02-22,1,9,14,16,22,27,31,39,01 09 14 16 22 27 31 39,0,0
306,2023-03-01,2,9,15,18,22,30,35,36,02 09 15 18 22 30 35 36,4,5058900
307,2023-03-08,2,9,11,16,21,30,35,38,02 09 11 16 21 30 35 38,4,5182200
308,2023-03-15,5,7,13,20,21,26,32,36,05 07 13 20 21 26 32 36,3,6566000
309,2023-03-22,5,7,12,17,24,26,31,40,05 07 12 17 24 26 31 40,3,6658000
310,2023-03-29,3,8,12,16,24,29,31,36,03 08 12 16 24 29 31 36,9,2036100
311,2023-04-05,2,8,15,17,24,29,33,38,02 08 15 17 24 29 33 38,3,6426200
312,2023-04-12,4,9,14,17,21,29,35,39,04 09 14 17 21 29 35 39,2,10222300
313,2023-04-19,2,7,14,16,21,28,31,38,02 07 14 16 21 28 31 38,3,6533000
314,2023-04-26,3,7,15,16,22,29,34,36,03 07 15 16 22 29 34 36,4,4866800
315,2023-05-03,4,7,11,19,21,27,35,39,04 07 11 19 21 27 35 39,2,10163500
316,2023-05-10,3,7,14,17,22,26,33,36,03 07 14 17 22 26 33 36,4,5168900
317,2023-05-17,2,7,14,17,22,29,35,38,02 07 14 17 22 29 35 38,11,1764600
318,2023-05-24,1,8,11,18,22,29,34,37,01 08 11 18 22 29 34 37,1,19344500
319,2023-05-31,4,10,11,18,25,28,35,38,04 10 11 18 25 28 35 38,2,9647800
320,2023-06-07,3,10,11,17,23,28,33,36,03 10 11 17 23 28 33 36,1,19249700
321,2023-06-14,3,10,14,18,24,29,35,38,03 10 14 18 24 29 35 38,2,8477800
322,2023-06-21,4,8,14,20,24,26,31,36,04 08 14 20 24 26 31 36,2,10073600
323,2023-06-28,5,9,15,20,21,27,35,40,05 09 15 20 21 27 35 40,4,4982200
324,2023-07-05,5,6,14,16,25,30,35,40,05 06 14 16 25 30 35 40,4,5039400
325,2023-07-12,2,7,11,19,23,28,31,39,02 07 11 19 23 28 31 39,2,9735200
326,2023-07-19,2,6,12,18,23,28,32,37,02 06 12 18 23 28 32 37,5,3632900
327,2023-07-26,2,10,13,20,22,30,35,38,02 10 13 20 22 30 35 38,3,6377000
328,2023-08-02,4,8,11,16,21,26,35,38,04 08 11 16 21 26 35 38,3,6186500
329,2023-08-09,4,9,14,18,24,28,32,39,04 09 14 18 24 28 32 39,4,4523800
330,2023-08-16,3,6,13,16,23,29,32,39,03 06 13 16 23 29 32 39,5,3777000
331,2023-08-23,3,8,15,20,24,27,35,36,03 08 15 20 24 27 35 36,7,2783300
332,2023-08-30,4,9,13,19,25,26,35,37,04 09 13 19 25 26 35 37,5,3822200
333,2023-09-06,3,6,12,16,21,28,34,36,03 06 12 16 21 28 34 36,3,6349600
334,2023-09-13,3,10,13,17,22,26,34,36,03 10 13 17 22 26 34 36,1,18886300
335,2023-09-20,4,8,12,17,22,26,34,38,04 08 12 17 22 26 34 38,2,9242600
336,2023-09-27,4,9,13,20,21,28,33,38,04 09 13 20 21 28 33 38,1,19952000
337,2023-10-04,3,6,15,18,25,29,31,38,03 06 15 18 25 29 31 38,3,5927800
338,2023-10-11,3,8,13,17,24,28,33,36,03 08 13 17 24 28 33 36,3,5914100
339,2023-10-18,1,10,12,20,24,28,32,38,01 10 12 20 24 28 32 38,2,9713900
340,2023-10-25,3,7,13,18,24,27,34,39,03 07 13 18 24 27 34 39,4,4409800
341,2023-11-01,5,8,14,19,24,30,34,36,05 08 14 19 24 30 34 36,5,3849400
342,2023-11-08,4,10,12,18,24,26,33,37,04 10 12 18 24 26 33 37,4,4830400
343,2023-11-15,2,8,11,16,23,28,34,37,02 08 11 16 23 28 34 37,5,3895800
344,2023-11-22,5,10,12,20,21,30,34,37,05 10 12 20 21 30 34 37,4,4939400
345,2023-11-29,2,7,15,19,22,29,32,36,02 07 15 19 22 29 32 36,3,6198500
346,2023-12-06,3,9,12,16,23,28,35,36,03 09 12 16 23 28 35 36,5,3552400
347,2023-12-13,1,7,14,19,21,29,35,37,01 07 14 19 21 29 35 37,7,2712700
348,2023-12-20,3,9,14,16,22,29,35,37,03 09 14 16 22 29 35 37,3,6304200
349,2023-12-27,2,8,15,19,23,30,31,36,02 08 15 19 23 30 31 36,5,3899200
350,2024-01-10,1,6,12,18,21,28,32,38,01 06 12 18 21 28 32 38,4,5588700
351,2024-01-17,2,9,11,17,22,29,32,38,02 09 11 17 22 29 32 38,4,4897200
352,2024-01-24,3,6,12,17,23,26,31,38,03 06 12 17 23 26 31 38,4,4746100
353,2024-01-31,5,6,13,19,23,27,33,40,05 06 13 19 23 27 33 40,2,9570000
354,2024-02-07,3,9,12,19,25,26,34,40,03 09 12 19 25 26 34 40,1,19749000
355,2024-02-14,5,7,15,20,24,27,32,40,05 07 15 20 24 27 32 40,5,3921700
356,2024-02-21,2,7,12,20,24,28,35,37,02 07 12 20 24 28 35 37,1,19809000
357,2024-02-28,3,8,13,19,24,28,32,38,03 08 13 19 24 28 32 38,2,8921400
358,2024-03-06,5,6,14,20,21,27,31,38,05 06 14 20 21 27 31 38,2,10344400
359,2024-03-13,1,8,13,17,23,28,31,37,01 08 13 17 23 28 31 37,3,6668700
360,2024-03-20,3,8,15,16,24,27,32,38,03 08 15 16 24 27 32 38,6,3172500
361,2024-03-27,3,6,14,17,22,30,32,38,03 06 14 17 22 30 32 38,3,6334500
362,2024-04-03,3,8,15,18,23,26,32,38,03 08 15 18 23 26 32 38,11,1650900
363,2024-04-10,2,8,14,16,23,26,33,40,02 08 14 16 23 26 33 40,3,6527100
364,2024-04-17,1,6,15,16,24,28,31,39,01 06 15 16 24 28 31 39,4,4698700
365,2024-04-24,5,7,15,18,23,28,34,36,05 07 15 18 23 28 34 36,4,4700900
366,2024-05-01,3,6,15,20,21,27,32,40,03 06 15 20 21 27 32 40,1,19294200
367,2024-05-08,4,6,15,17,22,29,34,40,04 06 15 17 22 29 34 40,2,9579000
368,2024-05-15,1,6,11,19,23,30,32,40,01 06 11 19 23 30 32 40,1,18529800
369,2024-05-22,2,9,14,19,25,27,31,37,02 09 14 19 25 27 31 37,1,18081500
370,2024-05-29,3,7,12,17,24,27,32,38,03 07 12 17 24 27 32 38,11,1716800
371,2024-06-05,1,7,14,20,24,29,32,39,01 07 14 20 24 29 32 39,2,9362800
372,2024-06-12,2,6,12,19,21,27,34,38,02 06 12 19 21 27 34 38,3,6395900
373,2024-06-19,5,9,12,18,22,29,34,38,05 09 12 18 22 29 34 38,1,19799100
374,2024-06-26,2,9,13,18,23,28,35,37,02 09 13 18 23 28 35 37,3,6419200
375,2024-07-03,5,9,11,16,22,30,33,37,05 09 11 16 22 30 33 37,2,9823900
376,2024-07-10,1,6,12,19,21,27,35,38,01 06 12 19 21 27 35 38,4,4951000
377,2024-07-17,2,7,14,18,21,30,33,40,02 07 14 18 21 30 33 40,2,9953000
378,2024-07-24,4,9,12,16,23,30,31,36,04 09 12 16 23 30 31 36,2,9177700
379,2024-07-31,4,10,11,16,21,29,35,40,04 10 11 16 21 29 35 40,7,2801900
380,2024-08-07,2,9,13,16,21,27,34,36,02 09 13 16 21 27 34 36,6,3105900
381,2024-08-14,2,9,11,18,24,30,35,36,02 09 11 18 24 30 35 36,0,0
382,2024-08-21,4,6,14,16,24,28,32,38,04 06 14 16 24 28 32 38,3,6483000
383,2024-08-28,5,9,13,16,21,26,31,40,05 09 13 16 21 26 31 40,2,8900600
384,2024-09-04,5,8,13,16,23,30,35,39,05 08 13 16 23 30 35 39,16,1195500
385,2024-09-11,5,6,14,20,24,30,34,39,05 06 14 20 24 30 34 39,3,6350900
386,2024-09-18,5,10,12,19,23,30,35,37,05 10 12 19 23 30 35 37,5,3604400
387,2024-09-25,5,10,14,16,25,29,34,40,05 10 14 16 25 29 34 40,2,9194300
388,2024-10-02,4,10,13,16,25,27,32,38,04 10 13 16 25 27 32 38,3,5998700
389,2024-10-09,4,8,15,18,25,27,34,40,04 08 15 18 25 27 34 40,6,3051200
390,2024-10-16,4,10,14,16,23,30,34,36,04 10 14 16 23 30 34 36,3,6667400
391,2024-10-23,1,8,15,16,24,27,35,40,01 08 15 16 24 27 35 40,2,8938100
392,2024-10-30,5,10,15,18,25,26,33,40,05 10 15 18 25 26 33 40,4,4677400
393,2024-11-06,2,10,13,16,22,29,35,38,02 10 13 16 22 29 35 38,2,9708700
394,2024-11-13,1,6,13,19,24,29,32,36,01 06 13 19 24 29 32 36,1,18499500
395,2024-11-20,1,6,13,16,21,26,31,36,01 06 13 16 21 26 31 36,7,2918500
396,2024-11-27,5,10,13,16,23,28,31,39,05 10 13 16 23 28 31 39,1,17783400
397,2024-12-04,5,9,14,19,24,26,31,40,05 09 14 19 24 26 31 40,4,4951000
398,2024-12-11,4,9,11,20,24,26,34,40,04 09 11 20 24 26 34 40,3,6657400
399,2024-12-18,3,9,11,17,22,26,34,36,03 09 11 17 22 26 34 36,1,20209500
400,2024-12-25,2,8,15,20,22,30,31,38,02 08 15 20 22 30 31 38,5,3952500
401,2025-01-08,1,6,15,18,24,29,34,39,01 06 15 18 24 29 34 39,1,21360900
402,2025-01-15,1,7,11,20,22,27,35,39,01 07 11 20 22 27 35 39,1,18744500
403,2025-01-22,4,9,13,18,23,26,32,40,04 09 13 18 23 26 32 40,3,5963200
404,2025-01-29,3,9,13,20,21,26,34,40,03 09 13 20 21 26 34 40,6,3065900
405,2025-02-05,5,9,11,20,22,27,34,37,05 09 11 20 22 27 34 37,5,3564400
406,2025-02-12,1,7,11,16,25,29,34,36,01 07 11 16 25 29 34 36,1,19566300
407,2025-02-19,4,10,14,16,21,30,34,40,04 10 14 16 21 30 34 40,6,3349700
408,2025-02-26,3,10,14,20,21,26,34,40,03 10 14 20 21 26 34 40,16,1205300
409,2025-03-05,4,8,14,18,24,30,31,40,04 08 14 18 24 30 31 40,0,0
410,2025-03-12,4,6,14,20,25,29,33,36,04 06 14 20 25 29 33 36,4,4804000
411,2025-03-19,5,7,12,20,25,26,33,38,05 07 12 20 25 26 33 38,3,6126300
412,2025-03-26,3,8,12,16,21,30,31,36,03 08 12 16 21 30 31 36,4,4820400
413,2025-04-02,1,8,13,17,21,29,35,38,01 08 13 17 21 29 35 38,1,18934300
414,2025-04-09,4,6,11,18,25,30,32,40,04 06 11 18 25 30 32 40,2,9609100
415,2025-04-16,4,10,14,17,23,28,35,37,04 10 14 17 23 28 35 37,4,4717800
416,2025-04-23,5,7,11,20,22,26,31,39,05 07 11 20 22 26 31 39,2,9523700
417,2025-04-30,1,9,14,16,25,27,34,40,01 09 14 16 25 27 34 40,4,4462500
418,2025-05-07,5,9,12,16,22,29,31,36,05 09 12 16 22 29 31 36,4,4579200
419,2025-05-14,4,6,13,17,24,27,32,40,04 06 13 17 24 27 32 40,0,0
420,2025-05-21,3,10,13,18,24,30,35,40,03 10 13 18 24 30 35 40,2,9030500
421,2025-05-28,4,9,14,18,24,27,35,39,04 09 14 18 24 27 35 39,7,2708900
422,2025-06-04,4,9,13,19,22,30,34,37,04 09 13 19 22 30 34 37,3,6155400
423,2025-06-11,3,10,11,18,25,28,35,39,03 10 11 18 25 28 35 39,2,8300200
424,2025-06-18,3,10,15,17,25,27,35,36,03 10 15 17 25 27 35 36,3,6004700
425,2025-06-25,3,9,13,18,22,26,31,38,03 09 13 18 22 26 31 38,4,4534500
426,2025-07-02,4,7,13,20,22,30,34,36,04 07 13 20 22 30 34 36,1,20142100
427,2025-07-09,1,10,12,20,25,26,35,40,01 10 12 20 25 26 35 40,0,0
428,2025-07-16,1,7,12,18,25,28,32,36,01 07 12 18 25 28 32 36,3,6207000
429,2025-07-23,5,6,12,16,23,28,35,37,05 06 12 16 23 28 35 37,9,1909500
430,2025-07-30,2,8,11,20,22,29,34,36,02 08 11 20 22 29 34 36,0,0
431,2025-08-06,5,6,12,20,22,27,35,40,05 06 12 20 22 27 35 40,2,8627400
432,2025-08-13,2,6,14,20,24,29,34,39,02 06 14 20 24 29 34 39,3,5765800
433,2025-08-20,5,9,13,18,23,30,31,40,05 09 13 18 23 30 31 40,1,18123900
434,2025-08-27,1,9,15,16,24,26,34,40,01 09 15 16 24 26 34 40,2,8951600
435,2025-09-03,1,9,13,18,23,30,32,37,01 09 13 18 23 30 32 37,2,8914100
436,2025-09-10,5,6,15,19,24,29,32,37,05 06 15 19 24 29 32 37,5,3656000
437,2025-09-17,3,9,12,19,25,27,34,39,03 09 12 19 25 27 34 39,5,3527600
438,2025-09-24,1,8,11,19,22,28,33,39,01 08 11 19 22 28 33 39,4,4430200
439,2025-10-01,3,6,13,17,23,27,32,36,03 06 13 17 23 27 32 36,1,18996200
440,2025-10-08,5,6,14,17,22,26,32,38,05 06 14 17 22 26 32 38,4,4710600
441,2025-10-15,4,8,11,19,24,27,31,37,04 08 11 19 24 27 31 37,3,5807200
442,2025-10-22,1,8,11,17,24,27,33,40,01 08 11 17 24 27 33 40,1,15961400
443,2025-10-29,1,7,14,16,24,30,32,40,01 07 14 16 24 30 32 40,2,8793700
444,2025-11-05,3,8,13,18,23,26,32,36,03 08 13 18 23 26 32 36,10,1973500
445,2025-11-12,5,9,11,18,21,28,33,37,05 09 11 18 21 28 33 37,6,3184200
446,2025-11-19,4,6,12,17,22,30,32,37,04 06 12 17 22 30 32 37,1,18669700
447,2025-11-26,5,9,15,19,21,28,32,39,05 09 15 19 21 28 32 39,3,6289700
448,2025-12-03,5,6,11,16,22,29,33,40,05 06 11 16 22 29 33 40,2,9938900
449,2025-12-10,1,10,14,16,22,27,33,38,01 10 14 16 22 27 33 38,5,3911700
450,2025-12-17,3,9,15,16,24,28,32,38,03 09 15 16 24 28 32 38,7,2613700
451,2025-12-24,3,7,13,16,23,26,35,39,03 07 13 16 23 26 35 39,2,9818600
452,2026-01-07,5,10,11,18,24,29,34,40,05 10 11 18 24 29 34 40,7,2920000
453,2026-01-14,5,6,15,16,23,28,35,40,05 06 15 16 23 28 35 40,7,2762500
454,2026-01-21,4,9,11,17,23,29,34,39,04 09 11 17 23 29 34 39,3,6441900
455,2026-01-28,4,8,13,19,25,28,31,39,04 08 13 19 25 28 31 39,7,2513600
456,2026-02-04,2,10,14,18,25,28,31,40,02 10 14 18 25 28 31 40,6,3268900
457,2026-02-11,2,8,11,17,25,29,34,39,02 08 11 17 25 29 34 39,4,4675600
458,2026-02-18,5,8,13,20,24,30,34,40,05 08 13 20 24 30 34 40,2,9505300
459,2026-02-25,5,10,11,18,24,29,35,40,05 10 11 18 24 29 35 40,12,1468700
460,2026-03-04,5,7,14,20,23,26,33,40,05 07 14 20 23 26 33 40,8,2350000
461,2026-03-11,3,9,13,20,22,29,32,40,03 09 13 20 22 29 32 40,6,3019100
462,2026-03-18,4,7,14,18,25,26,32,37,04 07 14 18 25 26 32 37,4,4824600
463,2026-03-25,4,8,12,17,23,26,33,37,04 08 12 17 23 26 33 37,4,4582200
464,2026-04-01,1,8,14,17,22,26,33,37,01 08 14 17 22 26 33 37,4,4533200
465,2026-04-08,2,9,12,18,22,27,34,36,02 09 12 18 22 27 34 36,2,9079400
466,2026-04-15,2,9,15,18,21,28,32,36,02 09 15 18 21 28 32 36,6,3131700
467,2026-04-22,4,10,12,16,21,28,34,40,04 10 12 16 21 28 34 40,2,8961800
468,2026-04-29,4,7,15,17,23,29,31,37,04 07 15 17 23 29 31 37,3,6117800
469,2026-05-06,5,7,15,18,21,30,32,37,05 07 15 18 21 30 32 37,2,9272300
470,2026-05-13,1,9,13,20,22,26,32,36,01 09 13 20 22 26 32 36,1,19375100
471,2026-05-20,4,8,14,19,25,27,32,37,04 08 14 19 25 27 32 37,2,9530000
472,2026-05-27,4,8,13,17,25,26,34,37,04 08 13 17 25 26 34 37,7,2655700
473,2026-06-03,4,7,13,18,22,30,35,37,04 07 13 18 22 30 35 37,3,5925600
474,2026-06-10,3,9,14,17,21,29,35,40,03 09 14 17 21 29 35 40,1,18178800
475,2026-06-17,5,9,12,16,22,26,33,40,05 09 12 16 22 26 33 40,1,19500100
476,2026-06-24,3,8,15,18,23,28,33,36,03 08 15 18 23 28 33 36,6,2990900
477,2026-07-01,4,7,12,17,24,29,33,38,04 07 12 17 24 29 33 38,10,1741500
478,2026-07-08,1,8,13,20,21,26,32,37,01 08 13 20 21 26 32 37,3,6367100
479,2026-07-15,4,10,15,16,24,27,35,40,04 10 15 16 24 27 35 40,1,18057600
480,2026-07-22,5,10,12,16,22,28,34,37,05 10 12 16 22 28 34 37,4,4638600
481,2026-07-29,4,9,15,16,25,29,31,37,04 09 15 16 25 29 31 37,4,4407200
482,2026-08-05,2,6,13,18,22,30,33,36,02 06 13 18 22 30 33 36,1,17899600
483,2026-08-12,1,8,12,17,25,30,34,36,01 08 12 17 25 30 34 36,1,17656900
